"HouseID","Dates1","Appliances1","Both1","Dates2","Appliances2","Both2","Dates3","Appliances3","Both3","DiffDate12","DiffAppl12","DiffBoth12","DiffDate21","DiffAppl21","DiffBoth21","DiffDate13","DiffAppl13","DiffBoth13","DiffDate31","DiffAppl31","DiffBoth31","DiffDate23","DiffAppl23","DiffBoth23","DiffDate32","DiffAppl32","DiffBoth32","SameDate12","SameAppl12","SameBoth12","SameDate13","SameAppl13","SameBoth13","SameDate23","SameAppl23","SameBoth23"
"101006","0","0","0","188","32","5171","365","32","11318","0","0","0","188","32","5171","0","0","0","365","32","11318","2","0","409","179","0","6556","0","0","0","0","0","0","186","32","4762"
"101007","0","0","0","171","23","3576","365","23","8073","0","0","0","171","23","3576","0","0","0","365","23","8073","2","0","179","196","0","4676","0","0","0","0","0","0","169","23","3397"
"101009","0","0","0","176","31","4662","365","31","10820","0","0","0","176","31","4662","0","0","0","365","31","10820","1","0","306","190","0","6464","0","0","0","0","0","0","175","31","4356"
"101010","0","0","0","372","35","5297","365","35","12409","0","0","0","372","35","5297","0","0","0","365","35","12409","7","1","385","0","1","7497","0","0","0","0","0","0","365","34","4912"
"101017","0","0","0","129","26","2426","363","26","9271","0","0","0","129","26","2426","0","0","0","363","26","9271","0","0","1","234","0","6846","0","0","0","0","0","0","129","26","2425"
"101018","0","0","0","99","20","1980","365","20","7300","0","0","0","99","20","1980","0","0","0","365","20","7300","0","0","0","266","0","5320","0","0","0","0","0","0","99","20","1980"
"101019","0","0","0","135","32","2542","365","32","11510","0","0","0","135","32","2542","0","0","0","365","32","11510","6","0","6","236","0","8974","0","0","0","0","0","0","129","32","2536"
"101020","0","0","0","102","30","2797","365","30","10711","0","0","0","102","30","2797","0","0","0","365","30","10711","0","0","1","263","0","7915","0","0","0","0","0","0","102","30","2796"
"101022","0","0","0","100","30","2920","364","30","10706","0","0","0","100","30","2920","0","0","0","364","30","10706","0","0","3","264","0","7789","0","0","0","0","0","0","100","30","2917"
"101038","0","0","0","105","28","2734","365","27","9792","0","0","0","105","28","2734","0","0","0","365","27","9792","0","1","56","260","0","7114","0","0","0","0","0","0","105","27","2678"
"102003","0","0","0","93","21","1953","365","26","9490","0","0","0","93","21","1953","0","0","0","365","26","9490","0","0","0","272","5","7537","0","0","0","0","0","0","93","21","1953"
"102004","0","0","0","299","36","3937","365","41","14965","0","0","0","299","36","3937","0","0","0","365","41","14965","6","0","12","72","5","11040","0","0","0","0","0","0","293","36","3925"
"102005","0","0","0","133","24","2333","365","29","10414","0","0","0","133","24","2333","0","0","0","365","29","10414","0","0","0","232","5","8081","0","0","0","0","0","0","133","24","2333"
"102008","0","0","0","93","20","1860","365","24","8188","0","0","0","93","20","1860","0","0","0","365","24","8188","0","0","0","272","4","6328","0","0","0","0","0","0","93","20","1860"
"102023","0","0","0","93","21","1917","365","28","10220","0","0","0","93","21","1917","0","0","0","365","28","10220","0","0","0","272","7","8303","0","0","0","0","0","0","93","21","1917"
"102024","0","0","0","95","21","1970","365","26","9310","0","0","0","95","21","1970","0","0","0","365","26","9310","0","1","95","270","6","7435","0","0","0","0","0","0","95","20","1875"
"102025","0","0","0","95","23","2185","365","27","9855","0","0","0","95","23","2185","0","0","0","365","27","9855","0","0","0","270","4","7670","0","0","0","0","0","0","95","23","2185"
"103012","0","0","0","115","22","1921","365","27","9855","0","0","0","115","22","1921","0","0","0","365","27","9855","0","0","0","250","5","7934","0","0","0","0","0","0","115","22","1921"
"103013","0","0","0","61","26","1532","239","26","6214","0","0","0","61","26","1532","0","0","0","239","26","6214","1","0","26","179","0","4708","0","0","0","0","0","0","60","26","1506"
"103014","0","0","0","85","26","2210","365","30","10950","0","0","0","85","26","2210","0","0","0","365","30","10950","0","1","85","280","5","8825","0","0","0","0","0","0","85","25","2125"
"103015","0","0","0","373","28","5487","365","29","10585","0","0","0","373","28","5487","0","0","0","365","29","10585","8","0","169","0","1","5267","0","0","0","0","0","0","365","28","5318"
"103028","0","0","0","80","31","2480","365","34","12410","0","0","0","80","31","2480","0","0","0","365","34","12410","0","0","0","285","3","9930","0","0","0","0","0","0","80","31","2480"
"103029","0","0","0","78","32","2364","362","36","13032","0","0","0","78","32","2364","0","0","0","362","36","13032","0","0","0","284","4","10668","0","0","0","0","0","0","78","32","2364"
"103032","0","0","0","116","32","2663","365","37","13394","0","0","0","116","32","2663","0","0","0","365","37","13394","0","0","0","249","5","10731","0","0","0","0","0","0","116","32","2663"
"103034","0","0","0","92","23","2116","349","27","9423","0","0","0","92","23","2116","0","0","0","349","27","9423","0","0","0","257","4","7307","0","0","0","0","0","0","92","23","2116"
"103037","0","0","0","98","25","2378","334","30","10020","0","0","0","98","25","2378","0","0","0","334","30","10020","0","0","0","236","5","7642","0","0","0","0","0","0","98","25","2378"
"201103","27","34","918","0","0","0","0","0","0","27","34","918","0","0","0","27","34","918","0","0","0","0","0","0","0","0","0","0","0","0","0","0","0","0","0","0"
"201110","28","29","812","0","0","0","0","0","0","28","29","812","0","0","0","28","29","812","0","0","0","0","0","0","0","0","0","0","0","0","0","0","0","0","0","0"
"201111","27","25","675","0","0","0","0","0","0","27","25","675","0","0","0","27","25","675","0","0","0","0","0","0","0","0","0","0","0","0","0","0","0","0","0","0"
"201125","27","36","953","0","0","0","0","0","0","27","36","953","0","0","0","27","36","953","0","0","0","0","0","0","0","0","0","0","0","0","0","0","0","0","0","0"
"201128","28","23","644","0","0","0","0","0","0","28","23","644","0","0","0","28","23","644","0","0","0","0","0","0","0","0","0","0","0","0","0","0","0","0","0","0"
"201129","26","30","780","0","0","0","0","0","0","26","30","780","0","0","0","26","30","780","0","0","0","0","0","0","0","0","0","0","0","0","0","0","0","0","0","0"
"201130","28","19","532","0","0","0","0","0","0","28","19","532","0","0","0","28","19","532","0","0","0","0","0","0","0","0","0","0","0","0","0","0","0","0","0","0"
"201132","27","31","837","0","0","0","0","0","0","27","31","837","0","0","0","27","31","837","0","0","0","0","0","0","0","0","0","0","0","0","0","0","0","0","0","0"
"201144","27","24","648","0","0","0","0","0","0","27","24","648","0","0","0","27","24","648","0","0","0","0","0","0","0","0","0","0","0","0","0","0","0","0","0","0"
"201145","28","32","896","0","0","0","0","0","0","28","32","896","0","0","0","28","32","896","0","0","0","0","0","0","0","0","0","0","0","0","0","0","0","0","0","0"
"201146","27","30","810","0","0","0","0","0","0","27","30","810","0","0","0","27","30","810","0","0","0","0","0","0","0","0","0","0","0","0","0","0","0","0","0","0"
"201147","27","28","756","0","0","0","0","0","0","27","28","756","0","0","0","27","28","756","0","0","0","0","0","0","0","0","0","0","0","0","0","0","0","0","0","0"
"201148","27","23","612","0","0","0","0","0","0","27","23","612","0","0","0","27","23","612","0","0","0","0","0","0","0","0","0","0","0","0","0","0","0","0","0","0"
"201189","27","24","648","0","0","0","0","0","0","27","24","648","0","0","0","27","24","648","0","0","0","0","0","0","0","0","0","0","0","0","0","0","0","0","0","0"
"201190","27","23","621","0","0","0","0","0","0","27","23","621","0","0","0","27","23","621","0","0","0","0","0","0","0","0","0","0","0","0","0","0","0","0","0","0"
"201192","27","26","702","0","0","0","0","0","0","27","26","702","0","0","0","27","26","702","0","0","0","0","0","0","0","0","0","0","0","0","0","0","0","0","0","0"
"201193","27","34","918","0","0","0","0","0","0","27","34","918","0","0","0","27","34","918","0","0","0","0","0","0","0","0","0","0","0","0","0","0","0","0","0","0"
"201194","27","34","918","0","0","0","0","0","0","27","34","918","0","0","0","27","34","918","0","0","0","0","0","0","0","0","0","0","0","0","0","0","0","0","0","0"
"201205","27","19","513","0","0","0","0","0","0","27","19","513","0","0","0","27","19","513","0","0","0","0","0","0","0","0","0","0","0","0","0","0","0","0","0","0"
"201206","27","31","837","0","0","0","0","0","0","27","31","837","0","0","0","27","31","837","0","0","0","0","0","0","0","0","0","0","0","0","0","0","0","0","0","0"
"201218","26","30","780","0","0","0","0","0","0","26","30","780","0","0","0","26","30","780","0","0","0","0","0","0","0","0","0","0","0","0","0","0","0","0","0","0"
"201221","26","31","806","0","0","0","0","0","0","26","31","806","0","0","0","26","31","806","0","0","0","0","0","0","0","0","0","0","0","0","0","0","0","0","0","0"
"201222","22","26","572","0","0","0","0","0","0","22","26","572","0","0","0","22","26","572","0","0","0","0","0","0","0","0","0","0","0","0","0","0","0","0","0","0"
"201223","29","19","551","0","0","0","0","0","0","29","19","551","0","0","0","29","19","551","0","0","0","0","0","0","0","0","0","0","0","0","0","0","0","0","0","0"
"201226","27","16","432","0","0","0","0","0","0","27","16","432","0","0","0","27","16","432","0","0","0","0","0","0","0","0","0","0","0","0","0","0","0","0","0","0"
"201230","24","33","792","0","0","0","0","0","0","24","33","792","0","0","0","24","33","792","0","0","0","0","0","0","0","0","0","0","0","0","0","0","0","0","0","0"
"201270","26","29","754","0","0","0","0","0","0","26","29","754","0","0","0","26","29","754","0","0","0","0","0","0","0","0","0","0","0","0","0","0","0","0","0","0"
"201271","27","29","783","0","0","0","0","0","0","27","29","783","0","0","0","27","29","783","0","0","0","0","0","0","0","0","0","0","0","0","0","0","0","0","0","0"
"201272","25","21","525","0","0","0","0","0","0","25","21","525","0","0","0","25","21","525","0","0","0","0","0","0","0","0","0","0","0","0","0","0","0","0","0","0"
"201276","27","31","837","0","0","0","0","0","0","27","31","837","0","0","0","27","31","837","0","0","0","0","0","0","0","0","0","0","0","0","0","0","0","0","0","0"
"201282","27","28","756","0","0","0","0","0","0","27","28","756","0","0","0","27","28","756","0","0","0","0","0","0","0","0","0","0","0","0","0","0","0","0","0","0"
"201290","23","21","483","0","0","0","0","0","0","23","21","483","0","0","0","23","21","483","0","0","0","0","0","0","0","0","0","0","0","0","0","0","0","0","0","0"
"201297","27","34","918","0","0","0","0","0","0","27","34","918","0","0","0","27","34","918","0","0","0","0","0","0","0","0","0","0","0","0","0","0","0","0","0","0"
"201307","25","35","875","0","0","0","0","0","0","25","35","875","0","0","0","25","35","875","0","0","0","0","0","0","0","0","0","0","0","0","0","0","0","0","0","0"
"201311","27","35","945","0","0","0","0","0","0","27","35","945","0","0","0","27","35","945","0","0","0","0","0","0","0","0","0","0","0","0","0","0","0","0","0","0"
"201312","25","32","800","0","0","0","0","0","0","25","32","800","0","0","0","25","32","800","0","0","0","0","0","0","0","0","0","0","0","0","0","0","0","0","0","0"
"201313","28","27","756","0","0","0","0","0","0","28","27","756","0","0","0","28","27","756","0","0","0","0","0","0","0","0","0","0","0","0","0","0","0","0","0","0"
"201324","27","30","810","0","0","0","0","0","0","27","30","810","0","0","0","27","30","810","0","0","0","0","0","0","0","0","0","0","0","0","0","0","0","0","0","0"
"201325","27","28","756","0","0","0","0","0","0","27","28","756","0","0","0","27","28","756","0","0","0","0","0","0","0","0","0","0","0","0","0","0","0","0","0","0"
"201326","27","28","756","0","0","0","0","0","0","27","28","756","0","0","0","27","28","756","0","0","0","0","0","0","0","0","0","0","0","0","0","0","0","0","0","0"
"201327","23","32","736","0","0","0","0","0","0","23","32","736","0","0","0","23","32","736","0","0","0","0","0","0","0","0","0","0","0","0","0","0","0","0","0","0"
"201328","28","36","1008","0","0","0","0","0","0","28","36","1008","0","0","0","28","36","1008","0","0","0","0","0","0","0","0","0","0","0","0","0","0","0","0","0","0"
"201330","28","24","672","0","0","0","0","0","0","28","24","672","0","0","0","28","24","672","0","0","0","0","0","0","0","0","0","0","0","0","0","0","0","0","0","0"
"201331","26","28","728","0","0","0","0","0","0","26","28","728","0","0","0","26","28","728","0","0","0","0","0","0","0","0","0","0","0","0","0","0","0","0","0","0"
"201343","27","32","864","0","0","0","0","0","0","27","32","864","0","0","0","27","32","864","0","0","0","0","0","0","0","0","0","0","0","0","0","0","0","0","0","0"
"201347","28","39","1092","0","0","0","0","0","0","28","39","1092","0","0","0","28","39","1092","0","0","0","0","0","0","0","0","0","0","0","0","0","0","0","0","0","0"
"201348","27","27","729","0","0","0","0","0","0","27","27","729","0","0","0","27","27","729","0","0","0","0","0","0","0","0","0","0","0","0","0","0","0","0","0","0"
"201364","27","21","567","0","0","0","0","0","0","27","21","567","0","0","0","27","21","567","0","0","0","0","0","0","0","0","0","0","0","0","0","0","0","0","0","0"
"201384","27","38","1026","0","0","0","0","0","0","27","38","1026","0","0","0","27","38","1026","0","0","0","0","0","0","0","0","0","0","0","0","0","0","0","0","0","0"
"201387","27","31","837","0","0","0","0","0","0","27","31","837","0","0","0","27","31","837","0","0","0","0","0","0","0","0","0","0","0","0","0","0","0","0","0","0"
"201388","28","25","700","0","0","0","0","0","0","28","25","700","0","0","0","28","25","700","0","0","0","0","0","0","0","0","0","0","0","0","0","0","0","0","0","0"
"201389","27","22","594","0","0","0","0","0","0","27","22","594","0","0","0","27","22","594","0","0","0","0","0","0","0","0","0","0","0","0","0","0","0","0","0","0"
"201411","27","25","675","0","0","0","0","0","0","27","25","675","0","0","0","27","25","675","0","0","0","0","0","0","0","0","0","0","0","0","0","0","0","0","0","0"
"201412","27","30","810","0","0","0","0","0","0","27","30","810","0","0","0","27","30","810","0","0","0","0","0","0","0","0","0","0","0","0","0","0","0","0","0","0"
"201483","27","34","918","0","0","0","0","0","0","27","34","918","0","0","0","27","34","918","0","0","0","0","0","0","0","0","0","0","0","0","0","0","0","0","0","0"
"201488","28","41","1127","0","0","0","0","0","0","28","41","1127","0","0","0","28","41","1127","0","0","0","0","0","0","0","0","0","0","0","0","0","0","0","0","0","0"
"201490","28","34","952","0","0","0","0","0","0","28","34","952","0","0","0","28","34","952","0","0","0","0","0","0","0","0","0","0","0","0","0","0","0","0","0","0"
"201491","27","30","810","0","0","0","0","0","0","27","30","810","0","0","0","27","30","810","0","0","0","0","0","0","0","0","0","0","0","0","0","0","0","0","0","0"
"202112","28","24","672","0","0","0","0","0","0","28","24","672","0","0","0","28","24","672","0","0","0","0","0","0","0","0","0","0","0","0","0","0","0","0","0","0"
"202113","28","24","665","0","0","0","0","0","0","28","24","665","0","0","0","28","24","665","0","0","0","0","0","0","0","0","0","0","0","0","0","0","0","0","0","0"
"202114","28","27","756","0","0","0","0","0","0","28","27","756","0","0","0","28","27","756","0","0","0","0","0","0","0","0","0","0","0","0","0","0","0","0","0","0"
"202115","27","26","702","0","0","0","0","0","0","27","26","702","0","0","0","27","26","702","0","0","0","0","0","0","0","0","0","0","0","0","0","0","0","0","0","0"
"202116","16","29","464","0","0","0","0","0","0","16","29","464","0","0","0","16","29","464","0","0","0","0","0","0","0","0","0","0","0","0","0","0","0","0","0","0"
"202118","27","23","621","0","0","0","0","0","0","27","23","621","0","0","0","27","23","621","0","0","0","0","0","0","0","0","0","0","0","0","0","0","0","0","0","0"
"202127","28","23","644","0","0","0","0","0","0","28","23","644","0","0","0","28","23","644","0","0","0","0","0","0","0","0","0","0","0","0","0","0","0","0","0","0"
"202134","28","19","532","0","0","0","0","0","0","28","19","532","0","0","0","28","19","532","0","0","0","0","0","0","0","0","0","0","0","0","0","0","0","0","0","0"
"202136","28","23","644","0","0","0","0","0","0","28","23","644","0","0","0","28","23","644","0","0","0","0","0","0","0","0","0","0","0","0","0","0","0","0","0","0"
"202152","27","20","540","0","0","0","0","0","0","27","20","540","0","0","0","27","20","540","0","0","0","0","0","0","0","0","0","0","0","0","0","0","0","0","0","0"
"202153","26","28","728","0","0","0","0","0","0","26","28","728","0","0","0","26","28","728","0","0","0","0","0","0","0","0","0","0","0","0","0","0","0","0","0","0"
"202155","28","24","672","0","0","0","0","0","0","28","24","672","0","0","0","28","24","672","0","0","0","0","0","0","0","0","0","0","0","0","0","0","0","0","0","0"
"202156","28","26","728","0","0","0","0","0","0","28","26","728","0","0","0","28","26","728","0","0","0","0","0","0","0","0","0","0","0","0","0","0","0","0","0","0"
"202161","28","22","616","0","0","0","0","0","0","28","22","616","0","0","0","28","22","616","0","0","0","0","0","0","0","0","0","0","0","0","0","0","0","0","0","0"
"202162","26","20","520","0","0","0","0","0","0","26","20","520","0","0","0","26","20","520","0","0","0","0","0","0","0","0","0","0","0","0","0","0","0","0","0","0"
"202170","26","22","572","0","0","0","0","0","0","26","22","572","0","0","0","26","22","572","0","0","0","0","0","0","0","0","0","0","0","0","0","0","0","0","0","0"
"202171","28","31","868","0","0","0","0","0","0","28","31","868","0","0","0","28","31","868","0","0","0","0","0","0","0","0","0","0","0","0","0","0","0","0","0","0"
"202176","27","25","675","0","0","0","0","0","0","27","25","675","0","0","0","27","25","675","0","0","0","0","0","0","0","0","0","0","0","0","0","0","0","0","0","0"
"202178","27","27","717","0","0","0","0","0","0","27","27","717","0","0","0","27","27","717","0","0","0","0","0","0","0","0","0","0","0","0","0","0","0","0","0","0"
"202179","27","27","729","0","0","0","0","0","0","27","27","729","0","0","0","27","27","729","0","0","0","0","0","0","0","0","0","0","0","0","0","0","0","0","0","0"
"202182","27","26","702","0","0","0","0","0","0","27","26","702","0","0","0","27","26","702","0","0","0","0","0","0","0","0","0","0","0","0","0","0","0","0","0","0"
"202186","28","30","840","0","0","0","0","0","0","28","30","840","0","0","0","28","30","840","0","0","0","0","0","0","0","0","0","0","0","0","0","0","0","0","0","0"
"202187","28","22","616","0","0","0","0","0","0","28","22","616","0","0","0","28","22","616","0","0","0","0","0","0","0","0","0","0","0","0","0","0","0","0","0","0"
"202202","27","22","594","0","0","0","0","0","0","27","22","594","0","0","0","27","22","594","0","0","0","0","0","0","0","0","0","0","0","0","0","0","0","0","0","0"
"202213","27","23","621","0","0","0","0","0","0","27","23","621","0","0","0","27","23","621","0","0","0","0","0","0","0","0","0","0","0","0","0","0","0","0","0","0"
"202216","27","22","594","0","0","0","0","0","0","27","22","594","0","0","0","27","22","594","0","0","0","0","0","0","0","0","0","0","0","0","0","0","0","0","0","0"
"202217","26","23","598","0","0","0","0","0","0","26","23","598","0","0","0","26","23","598","0","0","0","0","0","0","0","0","0","0","0","0","0","0","0","0","0","0"
"202239","26","27","702","0","0","0","0","0","0","26","27","702","0","0","0","26","27","702","0","0","0","0","0","0","0","0","0","0","0","0","0","0","0","0","0","0"
"202240","28","22","616","0","0","0","0","0","0","28","22","616","0","0","0","28","22","616","0","0","0","0","0","0","0","0","0","0","0","0","0","0","0","0","0","0"
"202241","31","14","434","0","0","0","0","0","0","31","14","434","0","0","0","31","14","434","0","0","0","0","0","0","0","0","0","0","0","0","0","0","0","0","0","0"
"202243","22","28","616","0","0","0","0","0","0","22","28","616","0","0","0","22","28","616","0","0","0","0","0","0","0","0","0","0","0","0","0","0","0","0","0","0"
"202244","28","24","672","0","0","0","0","0","0","28","24","672","0","0","0","28","24","672","0","0","0","0","0","0","0","0","0","0","0","0","0","0","0","0","0","0"
"202246","27","34","918","0","0","0","0","0","0","27","34","918","0","0","0","27","34","918","0","0","0","0","0","0","0","0","0","0","0","0","0","0","0","0","0","0"
"202247","27","22","594","0","0","0","0","0","0","27","22","594","0","0","0","27","22","594","0","0","0","0","0","0","0","0","0","0","0","0","0","0","0","0","0","0"
"202248","27","21","567","0","0","0","0","0","0","27","21","567","0","0","0","27","21","567","0","0","0","0","0","0","0","0","0","0","0","0","0","0","0","0","0","0"
"202254","27","23","621","0","0","0","0","0","0","27","23","621","0","0","0","27","23","621","0","0","0","0","0","0","0","0","0","0","0","0","0","0","0","0","0","0"
"202266","26","36","936","0","0","0","0","0","0","26","36","936","0","0","0","26","36","936","0","0","0","0","0","0","0","0","0","0","0","0","0","0","0","0","0","0"
"202267","27","25","675","0","0","0","0","0","0","27","25","675","0","0","0","27","25","675","0","0","0","0","0","0","0","0","0","0","0","0","0","0","0","0","0","0"
"202268","27","23","621","0","0","0","0","0","0","27","23","621","0","0","0","27","23","621","0","0","0","0","0","0","0","0","0","0","0","0","0","0","0","0","0","0"
"202273","26","32","832","0","0","0","0","0","0","26","32","832","0","0","0","26","32","832","0","0","0","0","0","0","0","0","0","0","0","0","0","0","0","0","0","0"
"202274","27","24","648","0","0","0","0","0","0","27","24","648","0","0","0","27","24","648","0","0","0","0","0","0","0","0","0","0","0","0","0","0","0","0","0","0"
"202275","26","27","702","0","0","0","0","0","0","26","27","702","0","0","0","26","27","702","0","0","0","0","0","0","0","0","0","0","0","0","0","0","0","0","0","0"
"202278","27","24","648","0","0","0","0","0","0","27","24","648","0","0","0","27","24","648","0","0","0","0","0","0","0","0","0","0","0","0","0","0","0","0","0","0"
"202280","34","23","782","0","0","0","0","0","0","34","23","782","0","0","0","34","23","782","0","0","0","0","0","0","0","0","0","0","0","0","0","0","0","0","0","0"
"202288","27","28","756","0","0","0","0","0","0","27","28","756","0","0","0","27","28","756","0","0","0","0","0","0","0","0","0","0","0","0","0","0","0","0","0","0"
"202293","24","23","552","0","0","0","0","0","0","24","23","552","0","0","0","24","23","552","0","0","0","0","0","0","0","0","0","0","0","0","0","0","0","0","0","0"
"202298","26","27","702","0","0","0","0","0","0","26","27","702","0","0","0","26","27","702","0","0","0","0","0","0","0","0","0","0","0","0","0","0","0","0","0","0"
"202302","34","28","910","0","0","0","0","0","0","34","28","910","0","0","0","34","28","910","0","0","0","0","0","0","0","0","0","0","0","0","0","0","0","0","0","0"
"202305","34","23","752","0","0","0","0","0","0","34","23","752","0","0","0","34","23","752","0","0","0","0","0","0","0","0","0","0","0","0","0","0","0","0","0","0"
"202306","34","29","950","0","0","0","0","0","0","34","29","950","0","0","0","34","29","950","0","0","0","0","0","0","0","0","0","0","0","0","0","0","0","0","0","0"
"202314","28","29","812","0","0","0","0","0","0","28","29","812","0","0","0","28","29","812","0","0","0","0","0","0","0","0","0","0","0","0","0","0","0","0","0","0"
"202315","31","29","881","0","0","0","0","0","0","31","29","881","0","0","0","31","29","881","0","0","0","0","0","0","0","0","0","0","0","0","0","0","0","0","0","0"
"202351","27","24","648","0","0","0","0","0","0","27","24","648","0","0","0","27","24","648","0","0","0","0","0","0","0","0","0","0","0","0","0","0","0","0","0","0"
"202352","27","33","891","0","0","0","0","0","0","27","33","891","0","0","0","27","33","891","0","0","0","0","0","0","0","0","0","0","0","0","0","0","0","0","0","0"
"202374","27","30","810","0","0","0","0","0","0","27","30","810","0","0","0","27","30","810","0","0","0","0","0","0","0","0","0","0","0","0","0","0","0","0","0","0"
"202375","26","28","728","0","0","0","0","0","0","26","28","728","0","0","0","26","28","728","0","0","0","0","0","0","0","0","0","0","0","0","0","0","0","0","0","0"
"202377","27","29","783","0","0","0","0","0","0","27","29","783","0","0","0","27","29","783","0","0","0","0","0","0","0","0","0","0","0","0","0","0","0","0","0","0"
"202394","28","27","756","0","0","0","0","0","0","28","27","756","0","0","0","28","27","756","0","0","0","0","0","0","0","0","0","0","0","0","0","0","0","0","0","0"
"202403","27","27","729","0","0","0","0","0","0","27","27","729","0","0","0","27","27","729","0","0","0","0","0","0","0","0","0","0","0","0","0","0","0","0","0","0"
"202404","27","22","594","0","0","0","0","0","0","27","22","594","0","0","0","27","22","594","0","0","0","0","0","0","0","0","0","0","0","0","0","0","0","0","0","0"
"202429","27","28","756","0","0","0","0","0","0","27","28","756","0","0","0","27","28","756","0","0","0","0","0","0","0","0","0","0","0","0","0","0","0","0","0","0"
"202431","27","21","567","0","0","0","0","0","0","27","21","567","0","0","0","27","21","567","0","0","0","0","0","0","0","0","0","0","0","0","0","0","0","0","0","0"
"202434","27","18","486","0","0","0","0","0","0","27","18","486","0","0","0","27","18","486","0","0","0","0","0","0","0","0","0","0","0","0","0","0","0","0","0","0"
"202448","28","25","700","0","0","0","0","0","0","28","25","700","0","0","0","28","25","700","0","0","0","0","0","0","0","0","0","0","0","0","0","0","0","0","0","0"
"202449","27","20","540","0","0","0","0","0","0","27","20","540","0","0","0","27","20","540","0","0","0","0","0","0","0","0","0","0","0","0","0","0","0","0","0","0"
"202471","28","29","812","0","0","0","0","0","0","28","29","812","0","0","0","28","29","812","0","0","0","0","0","0","0","0","0","0","0","0","0","0","0","0","0","0"
"202472","28","24","672","0","0","0","0","0","0","28","24","672","0","0","0","28","24","672","0","0","0","0","0","0","0","0","0","0","0","0","0","0","0","0","0","0"
"203106","28","34","936","0","0","0","0","0","0","28","34","936","0","0","0","28","34","936","0","0","0","0","0","0","0","0","0","0","0","0","0","0","0","0","0","0"
"203107","28","22","616","0","0","0","0","0","0","28","22","616","0","0","0","28","22","616","0","0","0","0","0","0","0","0","0","0","0","0","0","0","0","0","0","0"
"203108","34","36","1224","0","0","0","0","0","0","34","36","1224","0","0","0","34","36","1224","0","0","0","0","0","0","0","0","0","0","0","0","0","0","0","0","0","0"
"203109","34","22","748","0","0","0","0","0","0","34","22","748","0","0","0","34","22","748","0","0","0","0","0","0","0","0","0","0","0","0","0","0","0","0","0","0"
"203120","34","30","1020","0","0","0","0","0","0","34","30","1020","0","0","0","34","30","1020","0","0","0","0","0","0","0","0","0","0","0","0","0","0","0","0","0","0"
"203121","36","31","1116","0","0","0","0","0","0","36","31","1116","0","0","0","36","31","1116","0","0","0","0","0","0","0","0","0","0","0","0","0","0","0","0","0","0"
"203122","36","26","936","0","0","0","0","0","0","36","26","936","0","0","0","36","26","936","0","0","0","0","0","0","0","0","0","0","0","0","0","0","0","0","0","0"
"203139","38","26","988","0","0","0","0","0","0","38","26","988","0","0","0","38","26","988","0","0","0","0","0","0","0","0","0","0","0","0","0","0","0","0","0","0"
"203142","38","24","912","0","0","0","0","0","0","38","24","912","0","0","0","38","24","912","0","0","0","0","0","0","0","0","0","0","0","0","0","0","0","0","0","0"
"203157","40","27","1080","0","0","0","0","0","0","40","27","1080","0","0","0","40","27","1080","0","0","0","0","0","0","0","0","0","0","0","0","0","0","0","0","0","0"
"203163","40","27","1080","0","0","0","0","0","0","40","27","1080","0","0","0","40","27","1080","0","0","0","0","0","0","0","0","0","0","0","0","0","0","0","0","0","0"
"203164","28","19","532","0","0","0","0","0","0","28","19","532","0","0","0","28","19","532","0","0","0","0","0","0","0","0","0","0","0","0","0","0","0","0","0","0"
"203165","27","32","864","0","0","0","0","0","0","27","32","864","0","0","0","27","32","864","0","0","0","0","0","0","0","0","0","0","0","0","0","0","0","0","0","0"
"203168","27","30","810","0","0","0","0","0","0","27","30","810","0","0","0","27","30","810","0","0","0","0","0","0","0","0","0","0","0","0","0","0","0","0","0","0"
"203184","28","18","504","0","0","0","0","0","0","28","18","504","0","0","0","28","18","504","0","0","0","0","0","0","0","0","0","0","0","0","0","0","0","0","0","0"
"203185","31","25","775","0","0","0","0","0","0","31","25","775","0","0","0","31","25","775","0","0","0","0","0","0","0","0","0","0","0","0","0","0","0","0","0","0"
"203195","28","34","952","0","0","0","0","0","0","28","34","952","0","0","0","28","34","952","0","0","0","0","0","0","0","0","0","0","0","0","0","0","0","0","0","0"
"203198","27","33","891","0","0","0","0","0","0","27","33","891","0","0","0","27","33","891","0","0","0","0","0","0","0","0","0","0","0","0","0","0","0","0","0","0"
"203200","26","33","858","0","0","0","0","0","0","26","33","858","0","0","0","26","33","858","0","0","0","0","0","0","0","0","0","0","0","0","0","0","0","0","0","0"
"203204","27","30","810","0","0","0","0","0","0","27","30","810","0","0","0","27","30","810","0","0","0","0","0","0","0","0","0","0","0","0","0","0","0","0","0","0"
"203210","28","35","980","0","0","0","0","0","0","28","35","980","0","0","0","28","35","980","0","0","0","0","0","0","0","0","0","0","0","0","0","0","0","0","0","0"
"203211","28","33","924","0","0","0","0","0","0","28","33","924","0","0","0","28","33","924","0","0","0","0","0","0","0","0","0","0","0","0","0","0","0","0","0","0"
"203219","28","32","896","0","0","0","0","0","0","28","32","896","0","0","0","28","32","896","0","0","0","0","0","0","0","0","0","0","0","0","0","0","0","0","0","0"
"203228","22","24","528","0","0","0","0","0","0","22","24","528","0","0","0","22","24","528","0","0","0","0","0","0","0","0","0","0","0","0","0","0","0","0","0","0"
"203229","28","28","784","0","0","0","0","0","0","28","28","784","0","0","0","28","28","784","0","0","0","0","0","0","0","0","0","0","0","0","0","0","0","0","0","0"
"203233","26","34","884","0","0","0","0","0","0","26","34","884","0","0","0","26","34","884","0","0","0","0","0","0","0","0","0","0","0","0","0","0","0","0","0","0"
"203234","25","34","850","0","0","0","0","0","0","25","34","850","0","0","0","25","34","850","0","0","0","0","0","0","0","0","0","0","0","0","0","0","0","0","0","0"
"203235","28","36","1008","0","0","0","0","0","0","28","36","1008","0","0","0","28","36","1008","0","0","0","0","0","0","0","0","0","0","0","0","0","0","0","0","0","0"
"203236","26","36","936","0","0","0","0","0","0","26","36","936","0","0","0","26","36","936","0","0","0","0","0","0","0","0","0","0","0","0","0","0","0","0","0","0"
"203249","34","35","1142","0","0","0","0","0","0","34","35","1142","0","0","0","34","35","1142","0","0","0","0","0","0","0","0","0","0","0","0","0","0","0","0","0","0"
"203250","45","41","1658","0","0","0","0","0","0","45","41","1658","0","0","0","45","41","1658","0","0","0","0","0","0","0","0","0","0","0","0","0","0","0","0","0","0"
"203251","33","33","1059","0","0","0","0","0","0","33","33","1059","0","0","0","33","33","1059","0","0","0","0","0","0","0","0","0","0","0","0","0","0","0","0","0","0"
"203252","33","26","854","0","0","0","0","0","0","33","26","854","0","0","0","33","26","854","0","0","0","0","0","0","0","0","0","0","0","0","0","0","0","0","0","0"
"203258","26","32","832","0","0","0","0","0","0","26","32","832","0","0","0","26","32","832","0","0","0","0","0","0","0","0","0","0","0","0","0","0","0","0","0","0"
"203260","27","39","1053","0","0","0","0","0","0","27","39","1053","0","0","0","27","39","1053","0","0","0","0","0","0","0","0","0","0","0","0","0","0","0","0","0","0"
"203261","28","34","902","0","0","0","0","0","0","28","34","902","0","0","0","28","34","902","0","0","0","0","0","0","0","0","0","0","0","0","0","0","0","0","0","0"
"203262","28","28","784","0","0","0","0","0","0","28","28","784","0","0","0","28","28","784","0","0","0","0","0","0","0","0","0","0","0","0","0","0","0","0","0","0"
"203284","27","41","1107","0","0","0","0","0","0","27","41","1107","0","0","0","27","41","1107","0","0","0","0","0","0","0","0","0","0","0","0","0","0","0","0","0","0"
"203285","36","21","756","0","0","0","0","0","0","36","21","756","0","0","0","36","21","756","0","0","0","0","0","0","0","0","0","0","0","0","0","0","0","0","0","0"
"203292","20","31","620","0","0","0","0","0","0","20","31","620","0","0","0","20","31","620","0","0","0","0","0","0","0","0","0","0","0","0","0","0","0","0","0","0"
"203309","27","25","675","0","0","0","0","0","0","27","25","675","0","0","0","27","25","675","0","0","0","0","0","0","0","0","0","0","0","0","0","0","0","0","0","0"
"203319","27","27","729","0","0","0","0","0","0","27","27","729","0","0","0","27","27","729","0","0","0","0","0","0","0","0","0","0","0","0","0","0","0","0","0","0"
"203320","28","38","1064","0","0","0","0","0","0","28","38","1064","0","0","0","28","38","1064","0","0","0","0","0","0","0","0","0","0","0","0","0","0","0","0","0","0"
"203323","28","32","896","0","0","0","0","0","0","28","32","896","0","0","0","28","32","896","0","0","0","0","0","0","0","0","0","0","0","0","0","0","0","0","0","0"
"203335","27","27","729","0","0","0","0","0","0","27","27","729","0","0","0","27","27","729","0","0","0","0","0","0","0","0","0","0","0","0","0","0","0","0","0","0"
"203337","27","26","702","0","0","0","0","0","0","27","26","702","0","0","0","27","26","702","0","0","0","0","0","0","0","0","0","0","0","0","0","0","0","0","0","0"
"203338","27","33","891","0","0","0","0","0","0","27","33","891","0","0","0","27","33","891","0","0","0","0","0","0","0","0","0","0","0","0","0","0","0","0","0","0"
"203340","27","25","675","0","0","0","0","0","0","27","25","675","0","0","0","27","25","675","0","0","0","0","0","0","0","0","0","0","0","0","0","0","0","0","0","0"
"203356","28","23","644","0","0","0","0","0","0","28","23","644","0","0","0","28","23","644","0","0","0","0","0","0","0","0","0","0","0","0","0","0","0","0","0","0"
"203357","28","15","420","0","0","0","0","0","0","28","15","420","0","0","0","28","15","420","0","0","0","0","0","0","0","0","0","0","0","0","0","0","0","0","0","0"
"203358","28","38","1064","0","0","0","0","0","0","28","38","1064","0","0","0","28","38","1064","0","0","0","0","0","0","0","0","0","0","0","0","0","0","0","0","0","0"
"203360","27","41","1107","0","0","0","0","0","0","27","41","1107","0","0","0","27","41","1107","0","0","0","0","0","0","0","0","0","0","0","0","0","0","0","0","0","0"
"203361","27","26","702","0","0","0","0","0","0","27","26","702","0","0","0","27","26","702","0","0","0","0","0","0","0","0","0","0","0","0","0","0","0","0","0","0"
"203367","27","35","945","0","0","0","0","0","0","27","35","945","0","0","0","27","35","945","0","0","0","0","0","0","0","0","0","0","0","0","0","0","0","0","0","0"
"203371","28","17","476","0","0","0","0","0","0","28","17","476","0","0","0","28","17","476","0","0","0","0","0","0","0","0","0","0","0","0","0","0","0","0","0","0"
"203379","27","24","648","0","0","0","0","0","0","27","24","648","0","0","0","27","24","648","0","0","0","0","0","0","0","0","0","0","0","0","0","0","0","0","0","0"
"203380","28","51","1428","0","0","0","0","0","0","28","51","1428","0","0","0","28","51","1428","0","0","0","0","0","0","0","0","0","0","0","0","0","0","0","0","0","0"
"203381","27","33","891","0","0","0","0","0","0","27","33","891","0","0","0","27","33","891","0","0","0","0","0","0","0","0","0","0","0","0","0","0","0","0","0","0"
"203385","28","32","896","0","0","0","0","0","0","28","32","896","0","0","0","28","32","896","0","0","0","0","0","0","0","0","0","0","0","0","0","0","0","0","0","0"
"203386","27","31","837","0","0","0","0","0","0","27","31","837","0","0","0","27","31","837","0","0","0","0","0","0","0","0","0","0","0","0","0","0","0","0","0","0"
"203398","27","35","945","0","0","0","0","0","0","27","35","945","0","0","0","27","35","945","0","0","0","0","0","0","0","0","0","0","0","0","0","0","0","0","0","0"
"203399","25","28","700","0","0","0","0","0","0","25","28","700","0","0","0","25","28","700","0","0","0","0","0","0","0","0","0","0","0","0","0","0","0","0","0","0"
"203401","27","29","783","0","0","0","0","0","0","27","29","783","0","0","0","27","29","783","0","0","0","0","0","0","0","0","0","0","0","0","0","0","0","0","0","0"
"203402","28","36","1008","0","0","0","0","0","0","28","36","1008","0","0","0","28","36","1008","0","0","0","0","0","0","0","0","0","0","0","0","0","0","0","0","0","0"
"203406","28","26","728","0","0","0","0","0","0","28","26","728","0","0","0","28","26","728","0","0","0","0","0","0","0","0","0","0","0","0","0","0","0","0","0","0"
"203407","27","27","729","0","0","0","0","0","0","27","27","729","0","0","0","27","27","729","0","0","0","0","0","0","0","0","0","0","0","0","0","0","0","0","0","0"
"203408","28","29","812","0","0","0","0","0","0","28","29","812","0","0","0","28","29","812","0","0","0","0","0","0","0","0","0","0","0","0","0","0","0","0","0","0"
"203415","27","27","729","0","0","0","0","0","0","27","27","729","0","0","0","27","27","729","0","0","0","0","0","0","0","0","0","0","0","0","0","0","0","0","0","0"
"203416","28","13","364","0","0","0","0","0","0","28","13","364","0","0","0","28","13","364","0","0","0","0","0","0","0","0","0","0","0","0","0","0","0","0","0","0"
"203419","27","22","594","0","0","0","0","0","0","27","22","594","0","0","0","27","22","594","0","0","0","0","0","0","0","0","0","0","0","0","0","0","0","0","0","0"
"203420","28","23","644","0","0","0","0","0","0","28","23","644","0","0","0","28","23","644","0","0","0","0","0","0","0","0","0","0","0","0","0","0","0","0","0","0"
"203421","28","23","644","0","0","0","0","0","0","28","23","644","0","0","0","28","23","644","0","0","0","0","0","0","0","0","0","0","0","0","0","0","0","0","0","0"
"203422","28","20","560","0","0","0","0","0","0","28","20","560","0","0","0","28","20","560","0","0","0","0","0","0","0","0","0","0","0","0","0","0","0","0","0","0"
"203423","27","27","729","0","0","0","0","0","0","27","27","729","0","0","0","27","27","729","0","0","0","0","0","0","0","0","0","0","0","0","0","0","0","0","0","0"
"203426","28","20","560","0","0","0","0","0","0","28","20","560","0","0","0","28","20","560","0","0","0","0","0","0","0","0","0","0","0","0","0","0","0","0","0","0"
"203427","28","22","616","0","0","0","0","0","0","28","22","616","0","0","0","28","22","616","0","0","0","0","0","0","0","0","0","0","0","0","0","0","0","0","0","0"
"203436","28","33","924","0","0","0","0","0","0","28","33","924","0","0","0","28","33","924","0","0","0","0","0","0","0","0","0","0","0","0","0","0","0","0","0","0"
"203438","28","29","812","0","0","0","0","0","0","28","29","812","0","0","0","28","29","812","0","0","0","0","0","0","0","0","0","0","0","0","0","0","0","0","0","0"
"203439","27","31","837","0","0","0","0","0","0","27","31","837","0","0","0","27","31","837","0","0","0","0","0","0","0","0","0","0","0","0","0","0","0","0","0","0"
"203440","27","29","783","0","0","0","0","0","0","27","29","783","0","0","0","27","29","783","0","0","0","0","0","0","0","0","0","0","0","0","0","0","0","0","0","0"
"203442","27","29","783","0","0","0","0","0","0","27","29","783","0","0","0","27","29","783","0","0","0","0","0","0","0","0","0","0","0","0","0","0","0","0","0","0"
"203443","27","36","972","0","0","0","0","0","0","27","36","972","0","0","0","27","36","972","0","0","0","0","0","0","0","0","0","0","0","0","0","0","0","0","0","0"
"203444","27","42","1134","0","0","0","0","0","0","27","42","1134","0","0","0","27","42","1134","0","0","0","0","0","0","0","0","0","0","0","0","0","0","0","0","0","0"
"203445","27","29","783","0","0","0","0","0","0","27","29","783","0","0","0","27","29","783","0","0","0","0","0","0","0","0","0","0","0","0","0","0","0","0","0","0"
"203446","27","34","918","0","0","0","0","0","0","27","34","918","0","0","0","27","34","918","0","0","0","0","0","0","0","0","0","0","0","0","0","0","0","0","0","0"
"203452","28","29","812","0","0","0","0","0","0","28","29","812","0","0","0","28","29","812","0","0","0","0","0","0","0","0","0","0","0","0","0","0","0","0","0","0"
"203453","27","35","945","0","0","0","0","0","0","27","35","945","0","0","0","27","35","945","0","0","0","0","0","0","0","0","0","0","0","0","0","0","0","0","0","0"
"203466","28","34","952","0","0","0","0","0","0","28","34","952","0","0","0","28","34","952","0","0","0","0","0","0","0","0","0","0","0","0","0","0","0","0","0","0"
"203470","27","45","1215","0","0","0","0","0","0","27","45","1215","0","0","0","27","45","1215","0","0","0","0","0","0","0","0","0","0","0","0","0","0","0","0","0","0"
"203473","27","29","783","0","0","0","0","0","0","27","29","783","0","0","0","27","29","783","0","0","0","0","0","0","0","0","0","0","0","0","0","0","0","0","0","0"
"203475","27","30","810","0","0","0","0","0","0","27","30","810","0","0","0","27","30","810","0","0","0","0","0","0","0","0","0","0","0","0","0","0","0","0","0","0"
"203476","27","19","513","0","0","0","0","0","0","27","19","513","0","0","0","27","19","513","0","0","0","0","0","0","0","0","0","0","0","0","0","0","0","0","0","0"
"203479","28","27","756","0","0","0","0","0","0","28","27","756","0","0","0","28","27","756","0","0","0","0","0","0","0","0","0","0","0","0","0","0","0","0","0","0"
"203480","28","25","700","0","0","0","0","0","0","28","25","700","0","0","0","28","25","700","0","0","0","0","0","0","0","0","0","0","0","0","0","0","0","0","0","0"
"203481","27","27","729","0","0","0","0","0","0","27","27","729","0","0","0","27","27","729","0","0","0","0","0","0","0","0","0","0","0","0","0","0","0","0","0","0"
"203484","28","23","644","0","0","0","0","0","0","28","23","644","0","0","0","28","23","644","0","0","0","0","0","0","0","0","0","0","0","0","0","0","0","0","0","0"
"203485","28","28","784","0","0","0","0","0","0","28","28","784","0","0","0","28","28","784","0","0","0","0","0","0","0","0","0","0","0","0","0","0","0","0","0","0"
"203486","27","30","810","0","0","0","0","0","0","27","30","810","0","0","0","27","30","810","0","0","0","0","0","0","0","0","0","0","0","0","0","0","0","0","0","0"
"203493","28","27","756","0","0","0","0","0","0","28","27","756","0","0","0","28","27","756","0","0","0","0","0","0","0","0","0","0","0","0","0","0","0","0","0","0"
